Dish,Ingredients
Chicken Curry,"Chicken,Tomato,Onion,Garlic,Spices"
Chicken Fried Rice,"Chicken,Rice,Egg,Onion,Carrot"
Vegetable Fried Rice,"Rice,Carrot,Beans,Onion"
Egg Sandwich,"Egg,Bread,Butter"
Omelette,"Egg,Onion,Tomato"
Pasta Alfredo,"Pasta,Milk,Cheese,Butter"
Tomato Pasta,"Pasta,Tomato,Onion,Garlic"
Vegetable Soup,"Carrot,Beans,Potato,Onion"
Chicken Soup,"Chicken,Carrot,Onion,Garlic"
Beef Stir Fry,"Beef,Onion,Pepper,Rice"
Fish Curry,"Fish,Tomato,Onion,Spices"
Dal Rice,"Rice,Dal,Spices,Onion"
Tacos,"Bread,Chicken,Tomato,Lettuce"
Pizza,"Bread,Cheese,Tomato"
Pancakes,"Flour,Egg,Milk,Sugar"